Speed,Kp,Ki,Kd,Time,Fitness
75.00008407496067,3.7341967478378693,5.105435232002694e-21,0.0,50.383161783218384,3778.741369703724
75.00016919656927,5.809902478341264,2.602471451658665e-21,0.0,50.37708306312561,3778.2897533640453
